{"file:///d%3A/OOP/Project/Workspace.h":{"language":"C++","code":74,"comment":36,"blank":7},"file:///d%3A/OOP/Project/Transformation.h":{"language":"C++","code":355,"comment":6,"blank":16},"file:///d%3A/OOP/Project/Session.h":{"language":"C++","code":98,"comment":42,"blank":6},"file:///d%3A/OOP/Project/Session.cpp":{"language":"C++","code":2,"comment":0,"blank":0},"file:///d%3A/OOP/Project/Picture/RGB.h":{"language":"C++","code":71,"comment":25,"blank":3},"file:///d%3A/OOP/Project/Picture/Pixel.h":{"language":"C++","code":9,"comment":13,"blank":1},"file:///d%3A/OOP/Project/Picture/Netpbm.h":{"language":"C++","code":327,"comment":30,"blank":37},"file:///d%3A/OOP/Project/Picture/Gray.h":{"language":"C++","code":37,"comment":19,"blank":0},"file:///d%3A/OOP/Project/main.cpp":{"language":"C++","code":14,"comment":0,"blank":2},"file:///d%3A/OOP/Project/Picture/BlackWhite.h":{"language":"C++","code":37,"comment":19,"blank":2},"file:///d%3A/OOP/Project/Helpers/Vector.h":{"language":"C++","code":182,"comment":63,"blank":2},"file:///d%3A/OOP/Project/Interpreter.h":{"language":"C++","code":228,"comment":19,"blank":12},"file:///d%3A/OOP/Project/Helpers/String.h":{"language":"C++","code":258,"comment":80,"blank":7},"file:///d%3A/OOP/Project/Helpers/Time.h":{"language":"C++","code":14,"comment":12,"blank":1},"file:///d%3A/OOP/Project/Helpers/Matrix.h":{"language":"C++","code":189,"comment":49,"blank":9},"file:///d%3A/OOP/Project/Documentation%20Doxygen/latex/_workspace_8h_source.tex":{"language":"LaTeX","code":84,"comment":0,"blank":3},"file:///d%3A/OOP/Project/Documentation%20Doxygen/latex/_vector_8h_source.tex":{"language":"LaTeX","code":190,"comment":0,"blank":3},"file:///d%3A/OOP/Project/Documentation%20Doxygen/latex/_transformation_8h_source.tex":{"language":"LaTeX","code":380,"comment":0,"blank":3},"file:///d%3A/OOP/Project/Documentation%20Doxygen/latex/_time_8h_source.tex":{"language":"LaTeX","code":21,"comment":0,"blank":3},"file:///d%3A/OOP/Project/Documentation%20Doxygen/latex/_string_8h_source.tex":{"language":"LaTeX","code":270,"comment":0,"blank":3},"file:///d%3A/OOP/Project/Documentation%20Doxygen/latex/_stack_8h_source.tex":{"language":"LaTeX","code":21,"comment":0,"blank":3},"file:///d%3A/OOP/Project/Documentation%20Doxygen/latex/_session_8h_source.tex":{"language":"LaTeX","code":109,"comment":0,"blank":3},"file:///d%3A/OOP/Project/Documentation%20Doxygen/latex/_r_g_b_8h_source.tex":{"language":"LaTeX","code":78,"comment":0,"blank":3},"file:///d%3A/OOP/Project/Documentation%20Doxygen/latex/_p_p_m_8h_source.tex":{"language":"LaTeX","code":3,"comment":0,"blank":3},"file:///d%3A/OOP/Project/Documentation%20Doxygen/latex/_p_b_m_8h_source.tex":{"language":"LaTeX","code":37,"comment":0,"blank":3},"file:///d%3A/OOP/Project/Documentation%20Doxygen/latex/_pixel_8h_source.tex":{"language":"LaTeX","code":13,"comment":0,"blank":3},"file:///d%3A/OOP/Project/Documentation%20Doxygen/latex/_p_g_m_8h_source.tex":{"language":"LaTeX","code":3,"comment":0,"blank":3},"file:///d%3A/OOP/Project/Documentation%20Doxygen/latex/_netpbm_8h_source.tex":{"language":"LaTeX","code":398,"comment":0,"blank":3},"file:///d%3A/OOP/Project/Documentation%20Doxygen/latex/_matrix_8h_source.tex":{"language":"LaTeX","code":202,"comment":0,"blank":3},"file:///d%3A/OOP/Project/Documentation%20Doxygen/latex/_interpreter_8h_source.tex":{"language":"LaTeX","code":250,"comment":0,"blank":3},"file:///d%3A/OOP/Project/Documentation%20Doxygen/latex/_gray_8h_source.tex":{"language":"LaTeX","code":42,"comment":0,"blank":3},"file:///d%3A/OOP/Project/Documentation%20Doxygen/latex/_black_white_8h_source.tex":{"language":"LaTeX","code":43,"comment":0,"blank":3},"file:///d%3A/OOP/Project/Documentation%20Doxygen/latex/tabu_doxygen.sty":{"language":"TeX","code":2438,"comment":117,"blank":3},"file:///d%3A/OOP/Project/Documentation%20Doxygen/latex/struct_date_time.tex":{"language":"LaTeX","code":23,"comment":0,"blank":17},"file:///d%3A/OOP/Project/Documentation%20Doxygen/latex/refman.tex":{"language":"LaTeX","code":185,"comment":38,"blank":1},"file:///d%3A/OOP/Project/Documentation%20Doxygen/latex/Makefile":{"language":"Makefile","code":22,"comment":0,"blank":6},"file:///d%3A/OOP/Project/Documentation%20Doxygen/latex/make.bat":{"language":"Batch","code":47,"comment":1,"blank":9},"file:///d%3A/OOP/Project/Documentation%20Doxygen/latex/longtable_doxygen.sty":{"language":"TeX","code":408,"comment":39,"blank":2},"file:///d%3A/OOP/Project/Documentation%20Doxygen/latex/hierarchy.tex":{"language":"LaTeX","code":22,"comment":0,"blank":1},"file:///d%3A/OOP/Project/Documentation%20Doxygen/latex/files.tex":{"language":"LaTeX","code":16,"comment":0,"blank":1},"file:///d%3A/OOP/Project/Documentation%20Doxygen/latex/doxygen.sty":{"language":"TeX","code":471,"comment":63,"blank":63},"file:///d%3A/OOP/Project/Documentation%20Doxygen/latex/class_workspace.tex":{"language":"LaTeX","code":54,"comment":0,"blank":11},"file:///d%3A/OOP/Project/Documentation%20Doxygen/latex/class_vector.tex":{"language":"LaTeX","code":87,"comment":0,"blank":12},"file:///d%3A/OOP/Project/Documentation%20Doxygen/latex/class_transform.tex":{"language":"LaTeX","code":38,"comment":0,"blank":3},"file:///d%3A/OOP/Project/Documentation%20Doxygen/latex/class_string.tex":{"language":"LaTeX","code":106,"comment":0,"blank":12},"file:///d%3A/OOP/Project/Documentation%20Doxygen/latex/class_stack.tex":{"language":"LaTeX","code":24,"comment":0,"blank":3},"file:///d%3A/OOP/Project/Documentation%20Doxygen/latex/class_session.tex":{"language":"LaTeX","code":84,"comment":0,"blank":31},"file:///d%3A/OOP/Project/Documentation%20Doxygen/latex/class_r_g_b_pixel.tex":{"language":"LaTeX","code":65,"comment":0,"blank":28},"file:///d%3A/OOP/Project/Documentation%20Doxygen/latex/class_p_b_m.tex":{"language":"LaTeX","code":43,"comment":0,"blank":19},"file:///d%3A/OOP/Project/Documentation%20Doxygen/latex/class_pixel.tex":{"language":"LaTeX","code":41,"comment":0,"blank":28},"file:///d%3A/OOP/Project/Documentation%20Doxygen/latex/class_picture.tex":{"language":"LaTeX","code":86,"comment":0,"blank":3},"file:///d%3A/OOP/Project/Documentation%20Doxygen/latex/class_matrix.tex":{"language":"LaTeX","code":75,"comment":0,"blank":12},"file:///d%3A/OOP/Project/Documentation%20Doxygen/latex/class_interpreter.tex":{"language":"LaTeX","code":17,"comment":0,"blank":3},"file:///d%3A/OOP/Project/Documentation%20Doxygen/latex/class_g_pixel.tex":{"language":"LaTeX","code":48,"comment":0,"blank":19},"file:///d%3A/OOP/Project/Documentation%20Doxygen/latex/class_b_w_pixel.tex":{"language":"LaTeX","code":53,"comment":0,"blank":28},"file:///d%3A/OOP/Project/Documentation%20Doxygen/latex/annotated.tex":{"language":"LaTeX","code":16,"comment":0,"blank":1},"file:///d%3A/OOP/Project/Documentation%20Doxygen/html/_workspace_8h_source.html":{"language":"HTML","code":167,"comment":5,"blank":3},"file:///d%3A/OOP/Project/Documentation%20Doxygen/html/_vector_8h_source.html":{"language":"HTML","code":278,"comment":5,"blank":3},"file:///d%3A/OOP/Project/Documentation%20Doxygen/html/_transformation_8h_source.html":{"language":"HTML","code":469,"comment":5,"blank":3},"file:///d%3A/OOP/Project/Documentation%20Doxygen/html/_time_8h_source.html":{"language":"HTML","code":91,"comment":5,"blank":3},"file:///d%3A/OOP/Project/Documentation%20Doxygen/html/_string_8h_source.html":{"language":"HTML","code":366,"comment":5,"blank":3},"file:///d%3A/OOP/Project/Documentation%20Doxygen/html/_stack_8h_source.html":{"language":"HTML","code":90,"comment":5,"blank":3},"file:///d%3A/OOP/Project/Documentation%20Doxygen/html/_session_8h_source.html":{"language":"HTML","code":191,"comment":5,"blank":3},"file:///d%3A/OOP/Project/Documentation%20Doxygen/html/_r_g_b_8h_source.html":{"language":"HTML","code":157,"comment":5,"blank":3},"file:///d%3A/OOP/Project/Documentation%20Doxygen/html/_p_p_m_8h_source.html":{"language":"HTML","code":68,"comment":5,"blank":3},"file:///d%3A/OOP/Project/Documentation%20Doxygen/html/_p_g_m_8h_source.html":{"language":"HTML","code":68,"comment":5,"blank":3},"file:///d%3A/OOP/Project/Documentation%20Doxygen/html/_p_b_m_8h_source.html":{"language":"HTML","code":104,"comment":5,"blank":3},"file:///d%3A/OOP/Project/Documentation%20Doxygen/html/_pixel_8h_source.html":{"language":"HTML","code":85,"comment":5,"blank":3},"file:///d%3A/OOP/Project/Documentation%20Doxygen/html/_netpbm_8h_source.html":{"language":"HTML","code":485,"comment":5,"blank":3},"file:///d%3A/OOP/Project/Documentation%20Doxygen/html/_matrix_8h_source.html":{"language":"HTML","code":286,"comment":5,"blank":3},"file:///d%3A/OOP/Project/Documentation%20Doxygen/html/_interpreter_8h_source.html":{"language":"HTML","code":334,"comment":5,"blank":3},"file:///d%3A/OOP/Project/Documentation%20Doxygen/html/_gray_8h_source.html":{"language":"HTML","code":117,"comment":5,"blank":3},"file:///d%3A/OOP/Project/Documentation%20Doxygen/html/_black_white_8h_source.html":{"language":"HTML","code":118,"comment":5,"blank":3},"file:///d%3A/OOP/Project/Documentation%20Doxygen/html/tabs.css":{"language":"CSS","code":1,"comment":0,"blank":0},"file:///d%3A/OOP/Project/Documentation%20Doxygen/html/struct_date_time.html":{"language":"HTML","code":113,"comment":5,"blank":8},"file:///d%3A/OOP/Project/Documentation%20Doxygen/html/struct_date_time-members.html":{"language":"HTML","code":71,"comment":5,"blank":4},"file:///d%3A/OOP/Project/Documentation%20Doxygen/html/search/searchdata.js":{"language":"JavaScript","code":21,"comment":0,"blank":4},"file:///d%3A/OOP/Project/Documentation%20Doxygen/html/search/search.js":{"language":"JavaScript","code":677,"comment":60,"blank":66},"file:///d%3A/OOP/Project/Documentation%20Doxygen/html/search/search.css":{"language":"CSS","code":211,"comment":8,"blank":45},"file:///d%3A/OOP/Project/Documentation%20Doxygen/html/search/related_0.js":{"language":"JavaScript","code":5,"comment":0,"blank":1},"file:///d%3A/OOP/Project/Documentation%20Doxygen/html/search/related_0.html":{"language":"HTML","code":37,"comment":0,"blank":1},"file:///d%3A/OOP/Project/Documentation%20Doxygen/html/search/nomatches.html":{"language":"HTML","code":13,"comment":0,"blank":1},"file:///d%3A/OOP/Project/Documentation%20Doxygen/html/search/mag_sel.svg":{"language":"XML","code":72,"comment":1,"blank":2},"file:///d%3A/OOP/Project/Documentation%20Doxygen/html/search/functions_f.js":{"language":"JavaScript","code":5,"comment":0,"blank":1},"file:///d%3A/OOP/Project/Documentation%20Doxygen/html/search/functions_f.html":{"language":"HTML","code":37,"comment":0,"blank":1},"file:///d%3A/OOP/Project/Documentation%20Doxygen/html/search/functions_e.js":{"language":"JavaScript","code":4,"comment":0,"blank":1},"file:///d%3A/OOP/Project/Documentation%20Doxygen/html/search/functions_e.html":{"language":"HTML","code":37,"comment":0,"blank":1},"file:///d%3A/OOP/Project/Documentation%20Doxygen/html/search/functions_d.js":{"language":"JavaScript","code":16,"comment":0,"blank":1},"file:///d%3A/OOP/Project/Documentation%20Doxygen/html/search/functions_d.html":{"language":"HTML","code":37,"comment":0,"blank":1},"file:///d%3A/OOP/Project/Documentation%20Doxygen/html/search/functions_c.js":{"language":"JavaScript","code":9,"comment":0,"blank":1},"file:///d%3A/OOP/Project/Documentation%20Doxygen/html/search/functions_c.html":{"language":"HTML","code":37,"comment":0,"blank":1},"file:///d%3A/OOP/Project/Documentation%20Doxygen/html/search/functions_b.js":{"language":"JavaScript","code":6,"comment":0,"blank":1},"file:///d%3A/OOP/Project/Documentation%20Doxygen/html/search/functions_b.html":{"language":"HTML","code":37,"comment":0,"blank":1},"file:///d%3A/OOP/Project/Documentation%20Doxygen/html/search/functions_a.js":{"language":"JavaScript","code":10,"comment":0,"blank":1},"file:///d%3A/OOP/Project/Documentation%20Doxygen/html/search/functions_a.html":{"language":"HTML","code":37,"comment":0,"blank":1},"file:///d%3A/OOP/Project/Documentation%20Doxygen/html/search/functions_9.js":{"language":"JavaScript","code":4,"comment":0,"blank":1},"file:///d%3A/OOP/Project/Documentation%20Doxygen/html/search/functions_9.html":{"language":"HTML","code":37,"comment":0,"blank":1},"file:///d%3A/OOP/Project/Documentation%20Doxygen/html/search/functions_8.js":{"language":"JavaScript","code":5,"comment":0,"blank":1},"file:///d%3A/OOP/Project/Documentation%20Doxygen/html/search/functions_8.html":{"language":"HTML","code":37,"comment":0,"blank":1},"file:///d%3A/OOP/Project/Documentation%20Doxygen/html/search/functions_7.html":{"language":"HTML","code":37,"comment":0,"blank":1},"file:///d%3A/OOP/Project/Documentation%20Doxygen/html/search/functions_7.js":{"language":"JavaScript","code":4,"comment":0,"blank":1},"file:///d%3A/OOP/Project/Documentation%20Doxygen/html/search/functions_6.js":{"language":"JavaScript","code":18,"comment":0,"blank":1},"file:///d%3A/OOP/Project/Documentation%20Doxygen/html/search/functions_6.html":{"language":"HTML","code":37,"comment":0,"blank":1},"file:///d%3A/OOP/Project/Documentation%20Doxygen/html/search/functions_5.html":{"language":"HTML","code":37,"comment":0,"blank":1},"file:///d%3A/OOP/Project/Documentation%20Doxygen/html/search/functions_5.js":{"language":"JavaScript","code":5,"comment":0,"blank":1},"file:///d%3A/OOP/Project/Documentation%20Doxygen/html/search/functions_4.html":{"language":"HTML","code":37,"comment":0,"blank":1},"file:///d%3A/OOP/Project/Documentation%20Doxygen/html/search/functions_4.js":{"language":"JavaScript","code":4,"comment":0,"blank":1},"file:///d%3A/OOP/Project/Documentation%20Doxygen/html/search/functions_3.js":{"language":"JavaScript","code":4,"comment":0,"blank":1},"file:///d%3A/OOP/Project/Documentation%20Doxygen/html/search/functions_3.html":{"language":"HTML","code":37,"comment":0,"blank":1},"file:///d%3A/OOP/Project/Documentation%20Doxygen/html/search/functions_2.js":{"language":"JavaScript","code":6,"comment":0,"blank":1},"file:///d%3A/OOP/Project/Documentation%20Doxygen/html/search/functions_2.html":{"language":"HTML","code":37,"comment":0,"blank":1},"file:///d%3A/OOP/Project/Documentation%20Doxygen/html/search/functions_11.js":{"language":"JavaScript","code":9,"comment":0,"blank":1},"file:///d%3A/OOP/Project/Documentation%20Doxygen/html/search/functions_11.html":{"language":"HTML","code":37,"comment":0,"blank":1},"file:///d%3A/OOP/Project/Documentation%20Doxygen/html/search/functions_10.js":{"language":"JavaScript","code":5,"comment":0,"blank":1},"file:///d%3A/OOP/Project/Documentation%20Doxygen/html/search/functions_10.html":{"language":"HTML","code":37,"comment":0,"blank":1},"file:///d%3A/OOP/Project/Documentation%20Doxygen/html/search/functions_1.js":{"language":"JavaScript","code":4,"comment":0,"blank":1},"file:///d%3A/OOP/Project/Documentation%20Doxygen/html/search/functions_1.html":{"language":"HTML","code":37,"comment":0,"blank":1},"file:///d%3A/OOP/Project/Documentation%20Doxygen/html/search/functions_0.js":{"language":"JavaScript","code":6,"comment":0,"blank":1},"file:///d%3A/OOP/Project/Documentation%20Doxygen/html/search/functions_0.html":{"language":"HTML","code":37,"comment":0,"blank":1},"file:///d%3A/OOP/Project/Documentation%20Doxygen/html/search/close.svg":{"language":"XML","code":31,"comment":0,"blank":1},"file:///d%3A/OOP/Project/Documentation%20Doxygen/html/search/classes_a.js":{"language":"JavaScript","code":4,"comment":0,"blank":1},"file:///d%3A/OOP/Project/Documentation%20Doxygen/html/search/classes_a.html":{"language":"HTML","code":37,"comment":0,"blank":1},"file:///d%3A/OOP/Project/Documentation%20Doxygen/html/search/classes_9.js":{"language":"JavaScript","code":7,"comment":0,"blank":1},"file:///d%3A/OOP/Project/Documentation%20Doxygen/html/search/classes_9.html":{"language":"HTML","code":37,"comment":0,"blank":1},"file:///d%3A/OOP/Project/Documentation%20Doxygen/html/search/classes_8.js":{"language":"JavaScript","code":4,"comment":0,"blank":1},"file:///d%3A/OOP/Project/Documentation%20Doxygen/html/search/classes_8.html":{"language":"HTML","code":37,"comment":0,"blank":1},"file:///d%3A/OOP/Project/Documentation%20Doxygen/html/search/classes_7.js":{"language":"JavaScript","code":5,"comment":0,"blank":1},"file:///d%3A/OOP/Project/Documentation%20Doxygen/html/search/classes_7.html":{"language":"HTML","code":37,"comment":0,"blank":1},"file:///d%3A/OOP/Project/Documentation%20Doxygen/html/search/classes_6.js":{"language":"JavaScript","code":4,"comment":0,"blank":1},"file:///d%3A/OOP/Project/Documentation%20Doxygen/html/search/classes_6.html":{"language":"HTML","code":37,"comment":0,"blank":1},"file:///d%3A/OOP/Project/Documentation%20Doxygen/html/search/classes_5.js":{"language":"JavaScript","code":5,"comment":0,"blank":1},"file:///d%3A/OOP/Project/Documentation%20Doxygen/html/search/classes_5.html":{"language":"HTML","code":37,"comment":0,"blank":1},"file:///d%3A/OOP/Project/Documentation%20Doxygen/html/search/classes_4.js":{"language":"JavaScript","code":5,"comment":0,"blank":1},"file:///d%3A/OOP/Project/Documentation%20Doxygen/html/search/classes_4.html":{"language":"HTML","code":37,"comment":0,"blank":1},"file:///d%3A/OOP/Project/Documentation%20Doxygen/html/search/classes_3.js":{"language":"JavaScript","code":4,"comment":0,"blank":1},"file:///d%3A/OOP/Project/Documentation%20Doxygen/html/search/classes_3.html":{"language":"HTML","code":37,"comment":0,"blank":1},"file:///d%3A/OOP/Project/Documentation%20Doxygen/html/search/classes_2.js":{"language":"JavaScript","code":4,"comment":0,"blank":1},"file:///d%3A/OOP/Project/Documentation%20Doxygen/html/search/classes_2.html":{"language":"HTML","code":37,"comment":0,"blank":1},"file:///d%3A/OOP/Project/Documentation%20Doxygen/html/search/classes_1.js":{"language":"JavaScript","code":4,"comment":0,"blank":1},"file:///d%3A/OOP/Project/Documentation%20Doxygen/html/search/classes_1.html":{"language":"HTML","code":37,"comment":0,"blank":1},"file:///d%3A/OOP/Project/Documentation%20Doxygen/html/search/classes_0.js":{"language":"JavaScript","code":4,"comment":0,"blank":1},"file:///d%3A/OOP/Project/Documentation%20Doxygen/html/search/classes_0.html":{"language":"HTML","code":37,"comment":0,"blank":1},"file:///d%3A/OOP/Project/Documentation%20Doxygen/html/search/all_f.js":{"language":"JavaScript","code":4,"comment":0,"blank":1},"file:///d%3A/OOP/Project/Documentation%20Doxygen/html/search/all_f.html":{"language":"HTML","code":37,"comment":0,"blank":1},"file:///d%3A/OOP/Project/Documentation%20Doxygen/html/search/all_e.js":{"language":"JavaScript","code":4,"comment":0,"blank":1},"file:///d%3A/OOP/Project/Documentation%20Doxygen/html/search/all_e.html":{"language":"HTML","code":37,"comment":0,"blank":1},"file:///d%3A/OOP/Project/Documentation%20Doxygen/html/search/all_d.js":{"language":"JavaScript","code":16,"comment":0,"blank":1},"file:///d%3A/OOP/Project/Documentation%20Doxygen/html/search/all_c.js":{"language":"JavaScript","code":9,"comment":0,"blank":1},"file:///d%3A/OOP/Project/Documentation%20Doxygen/html/search/all_d.html":{"language":"HTML","code":37,"comment":0,"blank":1},"file:///d%3A/OOP/Project/Documentation%20Doxygen/html/search/all_c.html":{"language":"HTML","code":37,"comment":0,"blank":1},"file:///d%3A/OOP/Project/Documentation%20Doxygen/html/search/all_b.js":{"language":"JavaScript","code":8,"comment":0,"blank":1},"file:///d%3A/OOP/Project/Documentation%20Doxygen/html/search/all_b.html":{"language":"HTML","code":37,"comment":0,"blank":1},"file:///d%3A/OOP/Project/Documentation%20Doxygen/html/search/all_a.js":{"language":"JavaScript","code":12,"comment":0,"blank":1},"file:///d%3A/OOP/Project/Documentation%20Doxygen/html/search/all_a.html":{"language":"HTML","code":37,"comment":0,"blank":1},"file:///d%3A/OOP/Project/Documentation%20Doxygen/html/search/all_9.js":{"language":"JavaScript","code":5,"comment":0,"blank":1},"file:///d%3A/OOP/Project/Documentation%20Doxygen/html/search/all_9.html":{"language":"HTML","code":37,"comment":0,"blank":1},"file:///d%3A/OOP/Project/Documentation%20Doxygen/html/search/all_8.js":{"language":"JavaScript","code":5,"comment":0,"blank":1},"file:///d%3A/OOP/Project/Documentation%20Doxygen/html/search/all_8.html":{"language":"HTML","code":37,"comment":0,"blank":1},"file:///d%3A/OOP/Project/Documentation%20Doxygen/html/search/all_7.js":{"language":"JavaScript","code":5,"comment":0,"blank":1},"file:///d%3A/OOP/Project/Documentation%20Doxygen/html/search/all_7.html":{"language":"HTML","code":37,"comment":0,"blank":1},"file:///d%3A/OOP/Project/Documentation%20Doxygen/html/search/all_6.js":{"language":"JavaScript","code":18,"comment":0,"blank":1},"file:///d%3A/OOP/Project/Documentation%20Doxygen/html/search/all_6.html":{"language":"HTML","code":37,"comment":0,"blank":1},"file:///d%3A/OOP/Project/Documentation%20Doxygen/html/search/all_5.js":{"language":"JavaScript","code":5,"comment":0,"blank":1},"file:///d%3A/OOP/Project/Documentation%20Doxygen/html/search/all_5.html":{"language":"HTML","code":37,"comment":0,"blank":1},"file:///d%3A/OOP/Project/Documentation%20Doxygen/html/search/all_4.js":{"language":"JavaScript","code":4,"comment":0,"blank":1},"file:///d%3A/OOP/Project/Documentation%20Doxygen/html/search/all_4.html":{"language":"HTML","code":37,"comment":0,"blank":1},"file:///d%3A/OOP/Project/Documentation%20Doxygen/html/search/all_3.js":{"language":"JavaScript","code":5,"comment":0,"blank":1},"file:///d%3A/OOP/Project/Documentation%20Doxygen/html/search/all_3.html":{"language":"HTML","code":37,"comment":0,"blank":1},"file:///d%3A/OOP/Project/Documentation%20Doxygen/html/search/all_2.js":{"language":"JavaScript","code":6,"comment":0,"blank":1},"file:///d%3A/OOP/Project/Documentation%20Doxygen/html/search/all_2.html":{"language":"HTML","code":37,"comment":0,"blank":1},"file:///d%3A/OOP/Project/Documentation%20Doxygen/html/search/all_12.js":{"language":"JavaScript","code":9,"comment":0,"blank":1},"file:///d%3A/OOP/Project/Documentation%20Doxygen/html/search/all_12.html":{"language":"HTML","code":37,"comment":0,"blank":1},"file:///d%3A/OOP/Project/Documentation%20Doxygen/html/search/all_11.js":{"language":"JavaScript","code":5,"comment":0,"blank":1},"file:///d%3A/OOP/Project/Documentation%20Doxygen/html/search/all_11.html":{"language":"HTML","code":37,"comment":0,"blank":1},"file:///d%3A/OOP/Project/Documentation%20Doxygen/html/search/all_10.js":{"language":"JavaScript","code":8,"comment":0,"blank":1},"file:///d%3A/OOP/Project/Documentation%20Doxygen/html/search/all_10.html":{"language":"HTML","code":37,"comment":0,"blank":1},"file:///d%3A/OOP/Project/Documentation%20Doxygen/html/search/all_1.js":{"language":"JavaScript","code":4,"comment":0,"blank":1},"file:///d%3A/OOP/Project/Documentation%20Doxygen/html/search/all_1.html":{"language":"HTML","code":37,"comment":0,"blank":1},"file:///d%3A/OOP/Project/Documentation%20Doxygen/html/search/all_0.js":{"language":"JavaScript","code":6,"comment":0,"blank":1},"file:///d%3A/OOP/Project/Documentation%20Doxygen/html/search/all_0.html":{"language":"HTML","code":37,"comment":0,"blank":1},"file:///d%3A/OOP/Project/Documentation%20Doxygen/html/menudata.js":{"language":"JavaScript","code":48,"comment":24,"blank":1},"file:///d%3A/OOP/Project/Documentation%20Doxygen/html/menu.js":{"language":"JavaScript","code":107,"comment":27,"blank":2},"file:///d%3A/OOP/Project/Documentation%20Doxygen/html/index.html":{"language":"HTML","code":68,"comment":5,"blank":3},"file:///d%3A/OOP/Project/Documentation%20Doxygen/html/hierarchy.html":{"language":"HTML","code":89,"comment":5,"blank":3},"file:///d%3A/OOP/Project/Documentation%20Doxygen/html/functions_rela.html":{"language":"HTML","code":69,"comment":5,"blank":3},"file:///d%3A/OOP/Project/Documentation%20Doxygen/html/functions_func.html":{"language":"HTML","code":172,"comment":5,"blank":38},"file:///d%3A/OOP/Project/Documentation%20Doxygen/html/files.html":{"language":"HTML","code":87,"comment":5,"blank":3},"file:///d%3A/OOP/Project/Documentation%20Doxygen/html/functions.html":{"language":"HTML","code":174,"comment":5,"blank":38},"file:///d%3A/OOP/Project/Documentation%20Doxygen/html/jquery.js":{"language":"JavaScript","code":7,"comment":27,"blank":1},"file:///d%3A/OOP/Project/Documentation%20Doxygen/html/dynsections.js":{"language":"JavaScript","code":80,"comment":32,"blank":10},"file:///d%3A/OOP/Project/Documentation%20Doxygen/html/doxygen.svg":{"language":"XML","code":26,"comment":0,"blank":1},"file:///d%3A/OOP/Project/Documentation%20Doxygen/html/doxygen.css":{"language":"CSS","code":1497,"comment":48,"blank":297},"file:///d%3A/OOP/Project/Documentation%20Doxygen/html/dir_ed734d3ca306bf0333720362dd4a518b.html":{"language":"HTML","code":86,"comment":5,"blank":3},"file:///d%3A/OOP/Project/Documentation%20Doxygen/html/dir_31d546a7220d2d0f2290ebc917bc5425.html":{"language":"HTML","code":84,"comment":5,"blank":3},"file:///d%3A/OOP/Project/Documentation%20Doxygen/html/class_workspace.html":{"language":"HTML","code":137,"comment":5,"blank":5},"file:///d%3A/OOP/Project/Documentation%20Doxygen/html/class_workspace-members.html":{"language":"HTML","code":83,"comment":5,"blank":4},"file:///d%3A/OOP/Project/Documentation%20Doxygen/html/class_vector.html":{"language":"HTML","code":178,"comment":5,"blank":5},"file:///d%3A/OOP/Project/Documentation%20Doxygen/html/class_vector-members.html":{"language":"HTML","code":92,"comment":5,"blank":4},"file:///d%3A/OOP/Project/Documentation%20Doxygen/html/class_transform.html":{"language":"HTML","code":109,"comment":5,"blank":3},"file:///d%3A/OOP/Project/Documentation%20Doxygen/html/class_transform-members.html":{"language":"HTML","code":79,"comment":5,"blank":4},"file:///d%3A/OOP/Project/Documentation%20Doxygen/html/class_string-members.html":{"language":"HTML","code":98,"comment":5,"blank":4},"file:///d%3A/OOP/Project/Documentation%20Doxygen/html/class_string.html":{"language":"HTML","code":205,"comment":5,"blank":5},"file:///d%3A/OOP/Project/Documentation%20Doxygen/html/class_session.html":{"language":"HTML","code":243,"comment":5,"blank":17},"file:///d%3A/OOP/Project/Documentation%20Doxygen/html/class_session-members.html":{"language":"HTML","code":83,"comment":5,"blank":4},"file:///d%3A/OOP/Project/Documentation%20Doxygen/html/class_r_g_b_pixel.html":{"language":"HTML","code":195,"comment":5,"blank":13},"file:///d%3A/OOP/Project/Documentation%20Doxygen/html/class_r_g_b_pixel-members.html":{"language":"HTML","code":81,"comment":5,"blank":4},"file:///d%3A/OOP/Project/Documentation%20Doxygen/html/class_pixel.html":{"language":"HTML","code":157,"comment":5,"blank":13},"file:///d%3A/OOP/Project/Documentation%20Doxygen/html/class_pixel-members.html":{"language":"HTML","code":73,"comment":5,"blank":4},"file:///d%3A/OOP/Project/Documentation%20Doxygen/html/class_stack-members.html":{"language":"HTML","code":77,"comment":5,"blank":4},"file:///d%3A/OOP/Project/Documentation%20Doxygen/html/class_stack.html":{"language":"HTML","code":94,"comment":5,"blank":3},"file:///d%3A/OOP/Project/Documentation%20Doxygen/html/class_picture-members.html":{"language":"HTML","code":95,"comment":5,"blank":4},"file:///d%3A/OOP/Project/Documentation%20Doxygen/html/class_picture.html":{"language":"HTML","code":158,"comment":5,"blank":3},"file:///d%3A/OOP/Project/Documentation%20Doxygen/html/class_matrix.html":{"language":"HTML","code":162,"comment":5,"blank":5},"file:///d%3A/OOP/Project/Documentation%20Doxygen/html/class_matrix-members.html":{"language":"HTML","code":88,"comment":5,"blank":4},"file:///d%3A/OOP/Project/Documentation%20Doxygen/html/class_interpreter.html":{"language":"HTML","code":88,"comment":5,"blank":3},"file:///d%3A/OOP/Project/Documentation%20Doxygen/html/dir_b4ee9d9f79210c426cfe94ddbc714822.html":{"language":"HTML","code":80,"comment":5,"blank":3},"file:///d%3A/OOP/Project/Documentation%20Doxygen/html/class_interpreter-members.html":{"language":"HTML","code":72,"comment":5,"blank":4},"file:///d%3A/OOP/Project/Documentation%20Doxygen/html/class_g_pixel.html":{"language":"HTML","code":175,"comment":5,"blank":11},"file:///d%3A/OOP/Project/Documentation%20Doxygen/html/class_g_pixel-members.html":{"language":"HTML","code":77,"comment":5,"blank":4},"file:///d%3A/OOP/Project/Documentation%20Doxygen/html/class_b_w_pixel.html":{"language":"HTML","code":181,"comment":5,"blank":13},"file:///d%3A/OOP/Project/Documentation%20Doxygen/html/class_b_w_pixel-members.html":{"language":"HTML","code":77,"comment":5,"blank":4},"file:///d%3A/OOP/Project/Documentation%20Doxygen/html/classes.html":{"language":"HTML","code":104,"comment":5,"blank":3},"file:///d%3A/OOP/Project/Documentation%20Doxygen/html/annotated.html":{"language":"HTML","code":85,"comment":5,"blank":3},"file:///d%3A/OOP/Project/Documentation%20Doxygen/html/class_p_b_m.html":{"language":"HTML","code":142,"comment":5,"blank":8},"file:///d%3A/OOP/Project/Documentation%20Doxygen/html/class_p_b_m-members.html":{"language":"HTML","code":76,"comment":5,"blank":4}}